network,facilityId,state,zipCode,transactionType,effectiveDateTime,uuId
LPN,1241,CA,1376,D,1572816143,MPHASIS-600012-FEDEX-BANGALORE-123456780
LPN,1241,CA,1378,A,1572816143,MPHASIS-600012-FEDEX-BANGALORE-123456781
LPN,1241,CA,1379,A,1572816143,MPHASIS-600012-FEDEX-BANGALORE-123456782
LPN,1241,CA,1380,D,1604438543,MPHASIS-600012-FEDEX-BANGALORE-123456783
LPN,1241,CA,1381,A,1509744143,MPHASIS-600012-FEDEX-BANGALORE-123456784
LPN,1242,CA,1382,A,1604438543,MPHASIS-600012-FEDEX-BANGALORE-123456785
FDX,1243,PA,1383,D,1509744143,MPHASIS-600012-FEDEX-BANGALORE-123456786
LPN,1241,PA,1384,A,1509744143,MPHASIS-600012-FEDEX-BANGALORE-123456787
FDX,1241,PA,1385,A,1509744143,MPHASIS-600012-FEDEX-BANGALORE-123456788
FDX,1241,PA,1386,D,1509744143,MPHASIS-600012-FEDEX-BANGALORE-123456789
FDX,1246,PA,1387,A,1509744143,MPHASIS-600012-FEDEX-BANGALORE-123456790
FDX,1241,PA,1388,D,1509744143,MPHASIS-600012-FEDEX-BANGALORE-123456791