<?xml version="1.0" encoding="UTF-8"?>

<configuration>

    <!--

    Provide your application's EAI number and name. These values will be used to uniquely identify your application logs.

    This may be explicitly provided here as shown or the values can be supplied through a system property (such as -Dmy.eai.nbr) and
    referenced here using the property name such as: <property name="eai.nbr" value="${my.eai.nbr}" />.

    -->

    <property name="eai.nbr" value="3535474" />

    <property name="eai.name" value="ZipToDest" />

    <!-- LogstashEncoder Requires:

    net.logstash.logback:logstash-logback-encoder:5.2

    See https://github.com/logstash/logstash-logback-encoder for fields.

    -->

    <appender name="APPLICATION" class="ch.qos.logback.core.ConsoleAppender">

        <encoder class="net.logstash.logback.encoder.LogstashEncoder">

            <!-- Provide the EAI application info. -->

            <customFields>{"eai_nbr":"${eai.nbr}","eai_name":"${eai.name}"}</customFields>

            <fieldNames>
                <levelValue>[ignore]</levelValue> <!-- remove numeric level -->
                <logger>logger</logger> <!-- removes the '_name' suffix -->
                <thread>thread</thread> <!-- removes the '_name' suffix -->
                <timestamp>timestamp</timestamp> <!-- removes the '@' prefix -->
                <version>[ignore]</version> <!-- removes the version field -->
            </fieldNames>

            <!-- Shorten package names to at most 1 character -->
            <shortenedLoggerNameLength>0</shortenedLoggerNameLength>

            <!-- Set pattern to "2018-09-21T18:10:35.390Z" -->
            <timestampPattern>yyyy-MM-dd'T'HH:mm:ss.SSS'Z'</timestampPattern>
            <timeZone>GMT</timeZone>

            <!-- Add a custom exception converter to streamline stack traces -->
            <throwableConverter class="net.logstash.logback.stacktrace.ShortenedThrowableConverter">
                <maxDepthPerThrowable>20</maxDepthPerThrowable>
                <maxLength>1024</maxLength>
                <shortenedClassNameLength>20</shortenedClassNameLength>
                <inlineHash>true</inlineHash> <!-- Creates a unique hash to use in searches -->
            </throwableConverter>
        </encoder>
    </appender>

    <root level="info">
        <appender-ref ref="APPLICATION" />
    </root>

</configuration>