network,countryCode,zipCode,state,destination,lastUpdateBy
LPN,124,A0A,NF,6011,FedexUser
LPN,124,A0B0A0,NF,6011,FedexUser
LPN,124,A0B0A1,NF,6011,FedexUser
LPN,124,A0B1C3,NF,6011,FedexUser
LPN,124,A0B1C4,NF,6012,FedexUser
LPN,124,A0K,NF,6011,FedexUser
LPN,124,A0C0A2,NF,6012,FedexUser
LPN,124,A0C0A4,NF,6012,FedexUser
FDX,124,A0D0E5,NF,6013,FedexUser
LPN,124,A0D0A1,NF,6011,FedexUser
LPN,124,A0D0A5,NF,6012,FedexUser
FDX,124,A0D0A2,NF,6013,FedexUser
LPN,124,A0D0A4,NF,6012,FedexUser
LPN,124,A0D0A3,NF,6011,FedexUser
LPN,124,A0D1A8,NF,6013,FedexUser
LPN,124,A0D1A1,NF,6013,FedexUser
FHG,124,A0D1A3,NF,6013,FedexUser
LPN,124,A0D1A2,NF,6013,FedexUser
LPN,124,A0D1A6,NF,6013,FedexUser
LPN,124,A0D1A4,NF,6013,FedexUser
LPN,124,A0D1A5,NF,6013,FedexUser
LPN,124,A0D1A7,NF,6013,FedexUser
LPN,124,A0J,NF,6011,FedexUser
LPN,124,A0L,NF,6011,FedexUser
LPN,840,11355000000,MA,0011,FedexUser
LPN,840,01356000000,MA,0034,FedexUser
LPN,840,01357000000,MA,0034,FedexUser
LPN,840,01358000000,MA,0034,FedexUser
LPN,840,01365000000,MA,0034,FedexUser
LPN,840,01366000000,MA,0011,FedexUser
LPN,840,01367000000,MA,0034,FedexUser
LPN,840,01368000000,MA,0034,FedexUser
LPN,840,01369000000,MA,0034,FedexUser
LPN,840,01370000000,MA,0034,FedexUser
LPN,840,01371000000,MA,0034,FedexUser
LPN,840,01372000000,MA,0034,FedexUser
LPN,840,01356000000,MA,0034,FedexUser
LPN,840,01357000000,MA,0034,FedexUser
LPN,840,01358000000,MA,0034,FedexUser
LPN,840,07054000000,NJ,0034,FedexUser
LPN,840,07055000000,NJ,0034,FedexUser
LPN,840,07056000000,NJ,0034,FedexUser
LPN,840,07057000000,NJ,0034,FedexUser
LPN,840,07058000000,NJ,0034,FedexUser